"Source: U.S. Census 2010, Redistricting Summary File",,,,,,,,,,,,,
"Compiled by: David Wasserman @Redistrict. Bold denotes Republican member, *denotes freshman member. Note: White/Black/Native Am/Asian/Hawaiian/Other/Two or More counts each exclude Hispanic/Latino residents.",,,,,,,,,,,,,
,,,,,,,,,,,,,
State,CD#,PVI,2012 Winner,Party,2010 Total,White%,Latino%,Black%,Asian%,Native Am%,Hawaiian%,Other%,Two or More%
Alabama,1,R+14,Jo Bonner, R,"682,820",65.84%,2.80%,27.52%,1.32%,1.12%,0.04%,0.10%,1.27%
Alabama,2,R+18,Martha Roby, R,"682,820",64.04%,3.60%,29.32%,1.09%,0.45%,0.05%,0.08%,1.37%
Alabama,3,R+15,Mike Rogers, R,"682,819",69.55%,2.63%,25.00%,1.13%,0.31%,0.05%,0.08%,1.25%
Alabama,4,R+23,Robert Aderholt, R,"682,819",84.89%,5.70%,6.76%,0.44%,0.77%,0.03%,0.06%,1.35%
Alabama,5,R+14,Mo Brooks, R,"682,819",74.12%,4.77%,16.83%,1.55%,0.69%,0.07%,0.10%,1.87%
Alabama,6,R+28,Spencer Bachus, R,"682,819",78.67%,4.88%,13.48%,1.58%,0.27%,0.03%,0.10%,1.00%
Alabama,7,D+17,Terri Sewell, D,"682,820",32.18%,2.80%,63.35%,0.64%,0.19%,0.03%,0.06%,0.75%
Alaska,AL,R+13,Don Young, R,"710,231",64.11%,5.53%,3.09%,5.27%,14.44%,1.02%,0.16%,6.39%
Arizona,1,R+3,Ann Kirkpatrick*, D,"710,224",50.90%,20.82%,2.07%,1.35%,22.82%,0.23%,0.11%,1.71%
Arizona,2,R+2,Ron Barber, D,"710,224",64.38%,25.84%,3.64%,2.72%,0.91%,0.19%,0.15%,2.16%
Arizona,3,D+7,Raul Grijalva, D,"710,224",29.09%,60.60%,3.85%,1.71%,3.16%,0.11%,0.15%,1.33%
Arizona,4,R+16,Paul Gosar, R,"710,224",75.84%,17.91%,1.56%,1.05%,1.78%,0.13%,0.10%,1.64%
Arizona,5,R+16,Matt Salmon*, R,"710,224",73.03%,16.74%,2.87%,4.19%,0.85%,0.20%,0.12%,2.00%
Arizona,6,R+10,David Schweikert, R,"710,224",75.32%,15.20%,2.38%,3.51%,1.57%,0.12%,0.14%,1.76%
Arizona,7,D+12,Ed Pastor, D,"710,224",20.97%,64.35%,8.64%,2.31%,1.96%,0.14%,0.14%,1.47%
Arizona,8,R+13,Trent Franks, R,"710,225",71.71%,18.48%,3.81%,3.11%,0.70%,0.14%,0.13%,1.92%
Arizona,9,R+1,Kyrsten Sinema*, D,"710,224",59.11%,26.90%,4.84%,4.06%,2.48%,0.28%,0.18%,2.16%
Arkansas,1,R+7,Rick Crawford, R,"728,765",77.00%,2.79%,18.07%,0.50%,0.39%,0.02%,0.04%,1.19%
Arkansas,2,R+5,Tim Griffin, R,"729,192",70.34%,4.81%,21.30%,1.39%,0.43%,0.03%,0.11%,1.58%
Arkansas,3,R+16,Steve Womack, R,"728,959",78.12%,12.74%,2.57%,2.38%,1.32%,0.67%,0.09%,2.12%
Arkansas,4,R+9,Tom Cotton*, R,"729,002",72.69%,5.19%,19.38%,0.62%,0.64%,0.03%,0.06%,1.39%
California,1,R+10,Doug La Malfa*, R,"702,905",79.08%,11.99%,1.29%,2.34%,1.88%,0.16%,0.18%,3.08%
California,2,D+19,Jared Huffman*, D,"702,905",72.80%,16.64%,1.58%,3.37%,2.10%,0.17%,0.29%,3.04%
California,3,D+1,John Garamendi, D,"702,906",50.86%,27.78%,5.88%,9.91%,0.87%,0.44%,0.27%,4.00%
California,4,R+10,Tom McClintock, R,"702,906",78.21%,12.36%,1.18%,3.96%,1.05%,0.17%,0.20%,2.88%
California,5,D+18,Mike Thompson, D,"702,905",52.75%,25.69%,6.43%,10.52%,0.63%,0.46%,0.22%,3.30%
California,6,D+13,Doris Matsui, D,"702,905",38.87%,26.95%,12.57%,14.96%,0.60%,1.21%,0.25%,4.58%
California,7,R+3,Ami Bera*, D,"702,904",57.16%,16.12%,7.34%,13.63%,0.51%,0.68%,0.24%,4.31%
California,8,R+12,Paul Cook*, R,"702,905",50.19%,35.34%,7.50%,2.83%,0.98%,0.34%,0.18%,2.64%
California,9,D+2,Jerry McNerney, D,"702,904",36.89%,37.16%,8.25%,13.27%,0.46%,0.45%,0.18%,3.35%
California,10,R+5,Jeff Denham, R,"702,905",46.38%,40.08%,3.25%,6.02%,0.53%,0.58%,0.20%,2.95%
California,11,D+17,George Miller, D,"702,906",48.62%,25.56%,8.87%,12.41%,0.25%,0.42%,0.32%,3.55%
California,12,D+35,Nancy Pelosi, D,"702,905",43.99%,14.68%,5.87%,31.23%,0.23%,0.40%,0.31%,3.28%
California,13,D+37,Barbara Lee, D,"702,906",34.21%,20.84%,19.16%,20.66%,0.29%,0.46%,0.34%,4.03%
California,14,D+23,Jackie Speier, D,"702,905",36.94%,24.27%,3.23%,30.33%,0.16%,1.34%,0.39%,3.33%
California,15,D+15,Eric Swalwell*, D,"702,904",37.47%,23.40%,6.51%,26.98%,0.27%,1.09%,0.23%,4.06%
California,16,D+2,Jim Costa, D,"702,904",25.10%,58.01%,5.80%,8.47%,0.60%,0.13%,0.23%,1.66%
California,17,D+18,Mike Honda, D,"702,904",26.81%,17.46%,2.36%,49.20%,0.19%,0.46%,0.21%,3.29%
California,18,D+18,Anna Eshoo, D,"702,906",57.93%,17.10%,1.88%,18.72%,0.20%,0.35%,0.25%,3.57%
California,19,D+16,Zoe Lofgren, D,"702,904",26.97%,41.45%,2.83%,25.49%,0.27%,0.36%,0.19%,2.44%
California,20,D+19,Sam Farr, D,"702,906",39.20%,50.65%,1.98%,5.00%,0.35%,0.31%,0.19%,2.32%
California,21,R+3,David Valadao*, R,"702,904",19.32%,70.96%,4.44%,3.32%,0.53%,0.07%,0.25%,1.12%
California,22,R+12,Devin Nunes, R,"702,905",42.38%,44.75%,2.80%,7.17%,0.58%,0.12%,0.19%,2.01%
California,23,R+18,Kevin McCarthy, R,"702,904",50.58%,35.53%,5.88%,4.33%,0.90%,0.16%,0.20%,2.42%
California,24,D+3,Lois Capps, D,"702,904",57.12%,34.10%,1.77%,3.97%,0.46%,0.15%,0.22%,2.20%
California,25,R+5,Buck McKeon, R,"702,904",45.83%,35.32%,8.01%,7.52%,0.30%,0.13%,0.25%,2.63%
California,26,D+2,Julia Brownley*, D,"702,905",46.12%,43.23%,1.64%,6.24%,0.29%,0.17%,0.16%,2.14%
California,27,D+9,Judy Chu, D,"702,905",29.22%,26.88%,4.45%,36.89%,0.15%,0.06%,0.20%,2.14%
California,28,D+19,Adam Schiff, D,"702,904",55.28%,25.70%,2.32%,13.43%,0.15%,0.07%,0.26%,2.79%
California,29,D+21,Tony Cardenas*, D,"702,905",18.42%,68.70%,3.64%,7.41%,0.19%,0.09%,0.28%,1.27%
California,30,D+13,Brad Sherman, D,"702,904",53.36%,27.01%,4.20%,11.84%,0.17%,0.11%,0.29%,3.02%
California,31,D+2,Gary Miller, R,"702,905",29.66%,49.44%,10.95%,6.90%,0.31%,0.30%,0.21%,2.23%
California,32,D+9,Grace Napolitano, D,"702,905",18.11%,62.62%,2.55%,14.99%,0.20%,0.12%,0.16%,1.26%
California,33,D+12,Henry Waxman, D,"702,904",68.51%,11.21%,2.75%,13.34%,0.16%,0.14%,0.30%,3.59%
California,34,D+28,Xavier Becerra, D,"702,904",9.24%,65.43%,4.40%,19.38%,0.19%,0.06%,0.24%,1.06%
California,35,D+10,Gloria McLeod*, D,"702,905",15.92%,69.44%,6.66%,6.04%,0.24%,0.21%,0.20%,1.29%
California,36,R+3,Raul Ruiz*, D,"702,905",44.36%,46.64%,3.60%,2.83%,0.72%,0.13%,0.14%,1.58%
California,37,D+33,Karen Bass, D,"702,904",24.28%,38.58%,24.56%,9.17%,0.17%,0.11%,0.52%,2.60%
California,38,D+9,Linda Sanchez, D,"702,905",18.92%,61.22%,3.61%,14.19%,0.24%,0.28%,0.17%,1.39%
California,39,R+7,Ed Royce, R,"702,905",34.14%,32.60%,2.28%,28.32%,0.18%,0.17%,0.17%,2.13%
California,40,D+25,Lucille Roybal-Allard, D,"702,904",5.36%,86.49%,5.07%,2.18%,0.14%,0.12%,0.17%,0.48%
California,41,D+3,Mark Takano*, D,"702,904",26.08%,55.90%,9.50%,5.51%,0.35%,0.36%,0.19%,2.10%
California,42,R+12,Ken Calvert, R,"702,906",46.63%,36.19%,5.09%,8.48%,0.40%,0.30%,0.17%,2.74%
California,43,D+23,Maxine Waters, D,"702,904",15.08%,46.00%,23.58%,12.10%,0.19%,0.52%,0.35%,2.16%
California,44,D+29,Janice Hahn, D,"702,904",7.17%,68.41%,16.76%,5.30%,0.18%,0.87%,0.20%,1.13%
California,45,R+8,John Campbell, R,"702,906",55.50%,18.40%,1.44%,20.68%,0.17%,0.17%,0.23%,3.40%
California,46,D+3,Loretta Sanchez, D,"702,906",18.43%,66.56%,1.73%,11.37%,0.20%,0.37%,0.15%,1.19%
California,47,D+5,Alan Lowenthal*, D,"702,905",34.06%,34.13%,7.26%,20.73%,0.28%,0.66%,0.21%,2.66%
California,48,R+8,Dana Rohrabacher, R,"702,906",58.56%,19.90%,0.94%,17.19%,0.21%,0.28%,0.19%,2.73%
California,49,R+5,Darrell Issa, R,"702,906",61.53%,25.78%,2.31%,6.39%,0.35%,0.49%,0.21%,2.93%
California,50,R+14,Duncan D. Hunter, R,"702,905",58.64%,29.94%,2.33%,4.86%,0.97%,0.28%,0.16%,2.82%
California,51,D+11,Juan Vargas*, D,"702,906",14.39%,68.45%,6.84%,7.71%,0.46%,0.37%,0.16%,1.61%
California,52,D+1,Scott Peters*, D,"702,904",62.05%,12.86%,2.91%,17.63%,0.28%,0.30%,0.28%,3.69%
California,53,D+7,Susan Davis, D,"702,904",43.07%,31.76%,7.79%,12.62%,0.34%,0.57%,0.22%,3.64%
Colorado,1,D+17,Diana DeGette, D,"718,457",56.73%,28.83%,8.36%,3.18%,0.57%,0.08%,0.20%,2.05%
Colorado,2,D+8,Jared Polis, D,"718,457",84.36%,9.83%,0.73%,2.80%,0.37%,0.06%,0.14%,1.72%
Colorado,3,R+4,Scott Tipton, R,"718,457",72.00%,23.86%,0.68%,0.65%,1.29%,0.07%,0.13%,1.33%
Colorado,4,R+12,Cory Gardner, R,"718,456",73.85%,21.13%,1.23%,1.65%,0.50%,0.06%,0.12%,1.46%
Colorado,5,R+15,Doug Lamborn, R,"718,457",73.73%,14.31%,5.29%,2.37%,0.66%,0.27%,0.17%,3.20%
Colorado,6,R+1,Mike Coffman, R,"718,456",63.23%,19.72%,8.65%,5.05%,0.39%,0.17%,0.17%,2.63%
Colorado,7,D+3,Ed Perlmutter, D,"718,456",66.15%,26.90%,1.35%,3.16%,0.57%,0.08%,0.14%,1.65%
Connecticut,1,D+12,John Larson, D,"714,820",65.18%,14.64%,13.69%,4.40%,0.15%,0.02%,0.28%,1.65%
Connecticut,2,D+6,Joe Courtney, D,"714,819",84.17%,6.76%,3.62%,2.88%,0.41%,0.04%,0.16%,1.96%
Connecticut,3,D+9,Rosa DeLauro, D,"714,819",68.79%,12.69%,12.55%,3.82%,0.16%,0.03%,0.27%,1.70%
Connecticut,4,D+5,Jim Himes, D,"714,819",64.85%,17.37%,11.15%,4.61%,0.10%,0.03%,0.48%,1.41%
Connecticut,5,D+2,Elizabeth Esty*, D,"714,820",73.22%,15.56%,5.87%,3.05%,0.14%,0.02%,0.51%,1.61%
Delaware,AL,D+7,John Carney, D,"897,934",65.34%,8.15%,20.80%,3.15%,0.31%,0.03%,0.17%,2.04%
Florida,1,R+21,Jeff Miller, R,"696,345",75.08%,5.17%,13.64%,2.36%,0.72%,0.14%,0.17%,2.73%
Florida,2,R+3,Steve Southerland, R,"696,345",66.45%,5.16%,24.09%,1.78%,0.46%,0.05%,0.13%,1.88%
Florida,3,R+12,Ted Yoho*, R,"696,345",73.89%,7.70%,13.27%,2.81%,0.33%,0.05%,0.17%,1.77%
Florida,4,R+17,Ander Crenshaw, R,"696,345",72.20%,7.48%,13.14%,4.34%,0.32%,0.08%,0.23%,2.20%
Florida,5,D+16,Corrine Brown, D,"696,345",32.07%,11.84%,51.18%,2.21%,0.31%,0.06%,0.39%,1.93%
Florida,6,R+6,Ron DeSantis*, R,"696,345",80.30%,6.83%,9.25%,1.71%,0.26%,0.05%,0.16%,1.44%
Florida,7,R+5,John Mica, R,"696,345",67.59%,18.64%,8.09%,3.38%,0.23%,0.04%,0.26%,1.77%
Florida,8,R+8,Bill Posey, R,"696,344",77.37%,8.94%,9.41%,1.89%,0.29%,0.07%,0.19%,1.85%
Florida,9,D+4,Alan Grayson*, D,"696,345",39.47%,44.13%,9.86%,4.04%,0.20%,0.09%,0.48%,1.73%
Florida,10,R+7,Daniel Webster, R,"696,345",66.45%,16.07%,11.03%,3.83%,0.26%,0.08%,0.48%,1.79%
Florida,11,R+8,Richard Nugent, R,"696,345",80.29%,8.75%,7.97%,1.21%,0.29%,0.04%,0.15%,1.30%
Florida,12,R+6,Gus Bilirakis, R,"696,344",79.80%,11.59%,4.05%,2.54%,0.23%,0.05%,0.17%,1.58%
Florida,13,R+1,Bill Young, R,"696,345",80.48%,8.61%,5.53%,3.21%,0.23%,0.09%,0.20%,1.64%
Florida,14,D+11,Kathy Castor, D,"696,345",42.24%,27.28%,25.55%,2.56%,0.24%,0.05%,0.23%,1.84%
Florida,15,R+8,Dennis Ross, R,"696,345",64.72%,17.26%,12.47%,3.22%,0.27%,0.05%,0.21%,1.79%
Florida,16,R+5,Vern Buchanan, R,"696,345",79.62%,11.01%,6.35%,1.43%,0.18%,0.04%,0.15%,1.21%
Florida,17,R+10,Tom Rooney, R,"696,344",70.84%,17.55%,8.46%,1.33%,0.37%,0.04%,0.14%,1.27%
Florida,18,R+1,Patrick Murphy*, D,"696,344",70.60%,14.12%,11.65%,1.79%,0.19%,0.05%,0.23%,1.37%
Florida,19,R+11,Trey Radel*, R,"696,345",72.27%,17.87%,7.01%,1.31%,0.19%,0.03%,0.23%,1.08%
Florida,20,D+28,Alcee Hastings, D,"696,345",25.21%,19.12%,51.25%,1.91%,0.26%,0.04%,0.44%,1.75%
Florida,21,D+12,Ted Deutch, D,"696,345",62.81%,20.03%,11.51%,3.42%,0.11%,0.03%,0.57%,1.53%
Florida,22,D+5,Lois Frankel*, D,"696,345",65.66%,19.63%,10.74%,2.06%,0.18%,0.04%,0.35%,1.33%
Florida,23,D+11,Debbie Wasserman Schultz, D,"696,345",47.54%,37.28%,9.93%,3.20%,0.22%,0.04%,0.38%,1.41%
Florida,24,D+33,Frederica Wilson, D,"696,345",11.47%,31.77%,53.11%,1.63%,0.15%,0.03%,0.32%,1.51%
Florida,25,R+9,Mario Diaz-Balart, R,"696,344",21.13%,70.20%,6.10%,1.68%,0.10%,0.01%,0.15%,0.63%
Florida,26,R+4,Joe Garcia*, D,"696,345",19.69%,68.81%,8.70%,1.64%,0.10%,0.03%,0.20%,0.84%
Florida,27,R+6,Ileana Ros-Lehtinen, R,"696,345",17.86%,73.72%,6.11%,1.44%,0.06%,0.02%,0.17%,0.62%
Georgia,1,R+9,Jack Kingston, R,"691,974",60.68%,5.75%,29.62%,1.55%,0.29%,0.13%,0.16%,1.84%
Georgia,2,D+4,Sanford Bishop, D,"691,976",41.79%,4.56%,50.92%,1.01%,0.24%,0.08%,0.11%,1.28%
Georgia,3,R+19,Lynn Westmoreland, R,"691,974",68.46%,5.04%,22.82%,1.63%,0.24%,0.05%,0.17%,1.59%
Georgia,4,D+17,Hank Johnson, D,"691,976",27.38%,9.34%,56.68%,4.32%,0.19%,0.04%,0.26%,1.78%
Georgia,5,D+31,John Lewis, D,"691,976",27.99%,7.89%,58.49%,3.61%,0.19%,0.03%,0.17%,1.61%
Georgia,6,R+12,Tom Price, R,"691,975",62.70%,13.35%,12.09%,9.43%,0.16%,0.04%,0.40%,1.83%
Georgia,7,R+16,Rob Woodall, R,"691,975",49.91%,18.78%,17.45%,11.50%,0.18%,0.04%,0.30%,1.84%
Georgia,8,R+15,Austin Scott, R,"691,976",61.87%,5.72%,29.39%,1.31%,0.24%,0.04%,0.13%,1.30%
Georgia,9,R+27,Doug Collins*, R,"691,975",79.43%,11.48%,6.51%,1.09%,0.24%,0.03%,0.09%,1.12%
Georgia,10,R+14,Paul Broun, R,"691,976",66.87%,4.71%,24.71%,1.99%,0.19%,0.04%,0.16%,1.34%
Georgia,11,R+19,Phil Gingrey, R,"691,975",68.91%,10.85%,15.17%,2.76%,0.22%,0.04%,0.33%,1.70%
Georgia,12,R+9,John Barrow, D,"691,975",57.06%,5.33%,34.09%,1.53%,0.23%,0.10%,0.13%,1.54%
Georgia,13,D+9,David Scott, D,"691,976",30.44%,10.30%,54.48%,2.43%,0.22%,0.05%,0.25%,1.83%
Georgia,14,R+24,Tom Graves, R,"691,974",78.90%,10.26%,8.21%,0.88%,0.23%,0.04%,0.11%,1.36%
Hawaii,1,D+11,Colleen Hanabusa, D,"680,496",16.65%,6.92%,1.79%,50.67%,0.15%,7.51%,0.13%,16.19%
Hawaii,2,D+14,Tulsi Gabbard*, D,"679,805",28.84%,10.84%,1.14%,24.78%,0.27%,11.35%,0.15%,22.63%
Idaho,1,R+18,Raul Labrador, R,"784,132",85.25%,10.04%,0.43%,1.02%,1.16%,0.14%,0.09%,1.87%
Idaho,2,R+17,Mike Simpson, R,"783,450",82.69%,12.41%,0.70%,1.34%,1.08%,0.14%,0.11%,1.54%
Illinois,1,D+28,Bobby Rush, D,"712,813",35.36%,8.79%,52.64%,1.77%,0.14%,0.01%,0.10%,1.19%
Illinois,2,D+27,Jesse Jackson, D,"712,813",29.60%,12.77%,55.28%,0.65%,0.15%,0.02%,0.12%,1.39%
Illinois,3,D+5,Dan Lipinski, D,"712,813",62.15%,28.68%,4.47%,3.54%,0.10%,0.02%,0.10%,0.95%
Illinois,4,D+26,Luis Gutierrez, D,"712,813",21.28%,71.07%,3.94%,2.64%,0.11%,0.02%,0.16%,0.78%
Illinois,5,D+16,Mike Quigley, D,"712,813",70.31%,18.70%,2.56%,6.49%,0.15%,0.02%,0.16%,1.60%
Illinois,6,R+5,Peter Roskam, R,"712,813",79.41%,8.75%,2.45%,7.77%,0.09%,0.02%,0.11%,1.40%
Illinois,7,D+37,Danny Davis, D,"712,812",26.38%,13.00%,53.13%,5.78%,0.14%,0.02%,0.15%,1.39%
Illinois,8,D+6,Tammy Duckworth*, D,"712,812",55.24%,26.51%,4.57%,11.88%,0.13%,0.02%,0.13%,1.52%
Illinois,9,D+15,Jan Schakowsky, D,"712,813",65.81%,11.05%,8.73%,11.97%,0.14%,0.02%,0.22%,2.06%
Illinois,10,D+8,Brad Schneider*, D,"712,813",60.92%,21.43%,6.58%,9.07%,0.14%,0.03%,0.22%,1.61%
Illinois,11,D+5,Bill Foster*, D,"712,813",54.77%,25.55%,11.07%,6.74%,0.12%,0.02%,0.13%,1.61%
Illinois,12,D+2,William Enyart*, D,"712,813",77.17%,2.91%,16.89%,0.98%,0.22%,0.05%,0.10%,1.68%
Illinois,13,D+1,Rodney Davis*, R,"712,813",81.12%,2.94%,10.50%,3.21%,0.19%,0.04%,0.13%,1.88%
Illinois,14,R+6,Randy Hultgren, R,"712,813",80.71%,11.22%,2.63%,3.93%,0.13%,0.03%,0.10%,1.27%
Illinois,15,R+11,John Shimkus, R,"712,813",91.85%,2.28%,3.97%,0.52%,0.19%,0.02%,0.04%,1.12%
Illinois,16,R+4,Adam Kinzinger, R,"712,813",85.63%,8.37%,3.22%,1.35%,0.15%,0.02%,0.07%,1.19%
Illinois,17,D+6,Cheri Bustos*, D,"712,813",77.71%,8.11%,10.99%,1.01%,0.20%,0.02%,0.09%,1.87%
Illinois,18,R+10,Aaron Schock, R,"712,813",90.43%,2.34%,3.52%,2.13%,0.16%,0.02%,0.10%,1.31%
Indiana,1,D+9,Peter Visclosky, D,"720,422",63.85%,13.80%,19.56%,1.16%,0.20%,0.01%,0.10%,1.31%
Indiana,2,R+7,Jackie Walorski*, R,"720,423",81.86%,8.26%,6.64%,1.08%,0.30%,0.04%,0.11%,1.71%
Indiana,3,R+13,Marlin Stutzman, R,"720,423",85.20%,5.40%,5.90%,1.57%,0.25%,0.03%,0.12%,1.53%
Indiana,4,R+13,Todd Rokita, R,"720,422",87.82%,5.25%,3.09%,2.21%,0.20%,0.02%,0.11%,1.30%
Indiana,5,R+11,Susan Brooks*, R,"720,423",82.82%,4.22%,8.15%,2.73%,0.18%,0.03%,0.20%,1.67%
Indiana,6,R+12,Luke Messer*, R,"720,422",92.81%,2.33%,2.44%,0.88%,0.18%,0.03%,0.10%,1.23%
Indiana,7,D+9,Andre Carson, D,"720,423",56.99%,9.90%,28.50%,1.86%,0.23%,0.04%,0.25%,2.22%
Indiana,8,R+8,Larry Bucshon, R,"720,422",91.45%,2.05%,3.98%,0.84%,0.21%,0.03%,0.11%,1.34%
Indiana,9,R+9,Todd Young, R,"720,422",91.01%,2.87%,2.54%,1.75%,0.22%,0.03%,0.12%,1.46%
Iowa,1,D+5,Bruce Braley, D,"761,548",90.54%,3.28%,3.21%,1.08%,0.32%,0.11%,0.06%,1.40%
Iowa,2,D+4,Dave Loebsack, D,"761,624",88.17%,4.79%,3.30%,1.91%,0.20%,0.04%,0.08%,1.52%
Iowa,3,R+1,Tom Latham, R,"761,612",85.92%,6.11%,3.72%,2.37%,0.23%,0.05%,0.10%,1.51%
Iowa,4,R+4,Steve King, R,"761,571",90.04%,5.72%,1.18%,1.55%,0.38%,0.04%,0.05%,1.04%
Kansas,1,R+22,Tim Huelskamp, R,"713,278",79.29%,14.17%,2.77%,1.41%,0.44%,0.09%,0.08%,1.74%
Kansas,2,R+7,Lynn Jenkins, R,"713,272",84.23%,5.60%,4.60%,1.22%,1.52%,0.07%,0.08%,2.68%
Kansas,3,R+5,Kevin Yoder, R,"713,287",73.62%,11.35%,8.71%,3.72%,0.35%,0.06%,0.15%,2.05%
Kansas,4,R+14,Mike Pompeo, R,"713,281",75.57%,10.96%,6.72%,3.04%,0.92%,0.06%,0.10%,2.63%
Kentucky,1,R+14,Ed Whitfield, R,"723,178",88.33%,2.56%,6.85%,0.49%,0.20%,0.06%,0.08%,1.42%
Kentucky,2,R+15,Brett Guthrie, R,"723,137",88.64%,2.91%,5.33%,1.06%,0.24%,0.08%,0.11%,1.62%
Kentucky,3,D+3,John Yarmuth, D,"723,171",70.09%,4.44%,20.97%,2.14%,0.20%,0.05%,0.17%,1.94%
Kentucky,4,R+15,Thomas Massie*, R,"723,450",91.21%,2.88%,3.18%,1.00%,0.18%,0.05%,0.11%,1.39%
Kentucky,5,R+16,Hal Rogers, R,"723,228",96.24%,1.08%,1.33%,0.31%,0.18%,0.01%,0.03%,0.82%
Kentucky,6,R+7,Andy Barr*, R,"723,203",83.40%,4.50%,8.39%,1.69%,0.19%,0.03%,0.14%,1.67%
Louisiana,1,R+23,Steve Scalise, R,"755,445",74.48%,7.57%,12.97%,1.95%,1.30%,0.03%,0.23%,1.46%
Louisiana,2,D+22,Cedric Richmond, D,"755,538",28.67%,5.74%,61.50%,2.47%,0.28%,0.02%,0.18%,1.12%
Louisiana,3,R+15,Charles Boustany, R,"755,596",68.95%,3.05%,24.66%,1.29%,0.46%,0.02%,0.17%,1.40%
Louisiana,4,R+11,John Fleming, R,"755,605",59.61%,3.20%,33.82%,0.86%,0.80%,0.08%,0.12%,1.51%
Louisiana,5,R+14,Rodney Alexander, R,"755,581",60.69%,2.03%,35.08%,0.65%,0.42%,0.02%,0.06%,1.05%
Louisiana,6,R+19,Bill Cassidy, R,"755,607",69.57%,3.90%,22.88%,1.95%,0.45%,0.03%,0.12%,1.10%
Maine,1,D+8,Chellie Pingree, D,"664,180",93.97%,1.46%,1.30%,1.38%,0.32%,0.02%,0.09%,1.47%
Maine,2,D+3,Mike Michaud, D,"664,181",94.88%,1.09%,0.98%,0.65%,0.92%,0.02%,0.07%,1.39%
Maryland,1,R+14,Andy Harris, R,"722,650",81.56%,3.30%,11.39%,1.83%,0.20%,0.03%,0.12%,1.57%
Maryland,2,D+7,Dutch Ruppersberger, D,"723,447",54.96%,5.47%,31.87%,4.57%,0.33%,0.05%,0.18%,2.57%
Maryland,3,D+7,John Sarbanes, D,"720,094",62.91%,7.72%,20.22%,6.39%,0.23%,0.05%,0.22%,2.26%
Maryland,4,D+23,Donna Edwards, D,"720,065",27.18%,13.63%,53.82%,3.04%,0.23%,0.04%,0.21%,1.84%
Maryland,5,D+11,Steny Hoyer, D,"720,472",49.36%,7.23%,36.42%,3.79%,0.35%,0.05%,0.20%,2.60%
Maryland,6,D+2,John Delaney*, D,"728,448",63.60%,11.27%,12.35%,9.85%,0.18%,0.04%,0.23%,2.47%
Maryland,7,D+23,Elijah Cummings, D,"716,862",33.83%,3.14%,54.93%,5.74%,0.23%,0.03%,0.17%,1.92%
Maryland,8,D+10,Chris Van Hollen, D,"721,514",63.86%,13.42%,11.37%,8.62%,0.16%,0.04%,0.32%,2.20%
Massachusetts,1,D+14,Richard Neal, D,"727,515",75.97%,14.96%,5.53%,1.73%,0.16%,0.02%,0.13%,1.50%
Massachusetts,2,D+10,Jim McGovern, D,"727,514",80.87%,8.39%,3.84%,4.55%,0.17%,0.02%,0.39%,1.76%
Massachusetts,3,D+8,Niki Tsongas, D,"727,514",72.03%,16.24%,2.65%,6.77%,0.12%,0.02%,0.64%,1.54%
Massachusetts,4,D+11,Joe Kennedy*, D,"727,514",86.84%,3.54%,2.19%,5.15%,0.11%,0.02%,0.48%,1.66%
Massachusetts,5,D+16,Ed Markey, D,"727,515",75.43%,7.32%,4.56%,9.09%,0.10%,0.02%,1.30%,2.17%
Massachusetts,6,D+7,John Tierney, D,"727,515",85.04%,7.18%,2.47%,3.57%,0.11%,0.02%,0.32%,1.29%
Massachusetts,7,D+29,Mike Capuano, D,"727,514",43.37%,19.57%,22.80%,9.39%,0.20%,0.03%,1.97%,2.69%
Massachusetts,8,D+9,Stephen Lynch, D,"727,514",77.20%,4.78%,7.56%,6.42%,0.16%,0.02%,1.76%,2.09%
Massachusetts,9,D+8,Bill Keating, D,"727,514",88.43%,4.29%,2.26%,1.09%,0.34%,0.02%,1.47%,2.10%
Michigan,1,R+4,Dan Benishek, R,"705,974",92.09%,1.41%,1.33%,0.54%,2.78%,0.03%,0.03%,1.78%
Michigan,2,R+7,Bill Huizenga, R,"705,975",81.12%,8.40%,6.09%,1.95%,0.49%,0.02%,0.08%,1.85%
Michigan,3,R+5,Justin Amash, R,"705,974",80.36%,6.93%,8.67%,1.51%,0.38%,0.02%,0.10%,2.02%
Michigan,4,R+4,Dave Camp, R,"705,974",92.55%,2.67%,1.76%,0.88%,0.72%,0.03%,0.05%,1.35%
Michigan,5,D+10,Daniel Kildee*, D,"705,975",74.53%,4.49%,17.57%,0.81%,0.45%,0.02%,0.09%,2.04%
Michigan,6,R+1,Fred Upton, R,"705,974",82.23%,5.26%,8.35%,1.31%,0.49%,0.03%,0.11%,2.22%
Michigan,7,R+3,Tim Walberg, R,"705,974",89.05%,3.89%,4.07%,0.86%,0.33%,0.02%,0.08%,1.70%
Michigan,8,R+2,Mike Rogers, R,"705,975",83.70%,4.54%,5.53%,3.75%,0.35%,0.03%,0.10%,2.01%
Michigan,9,D+5,Sander Levin, D,"705,975",81.95%,2.08%,9.99%,3.39%,0.30%,0.02%,0.11%,2.15%
Michigan,10,R+5,Candice Miller, R,"705,974",91.27%,2.90%,2.68%,1.37%,0.32%,0.02%,0.06%,1.39%
Michigan,11,R+4,Kerry Bentivolio*, R,"705,974",82.19%,3.13%,5.03%,7.59%,0.23%,0.01%,0.11%,1.71%
Michigan,12,D+14,John Dingell, D,"705,974",76.53%,5.07%,10.55%,4.67%,0.35%,0.03%,0.17%,2.65%
Michigan,13,D+34,John Conyers, D,"705,974",33.40%,6.65%,56.31%,1.06%,0.33%,0.02%,0.14%,2.08%
Michigan,14,D+27,Gary Peters, D,"705,974",31.30%,4.39%,58.07%,3.80%,0.23%,0.01%,0.16%,2.03%
Minnesota,1,R+1,Tim Walz, D,"662,991",88.43%,5.52%,2.30%,2.22%,0.24%,0.03%,0.08%,1.18%
Minnesota,2,R+2,John Kline, R,"662,991",84.22%,5.36%,3.59%,4.19%,0.46%,0.05%,0.15%,2.00%
Minnesota,3,R+2,Erik Paulsen, R,"662,990",80.94%,3.81%,6.48%,6.20%,0.30%,0.03%,0.15%,2.10%
Minnesota,4,D+11,Betty Mccollum, D,"662,990",70.96%,6.29%,9.22%,10.26%,0.57%,0.04%,0.13%,2.54%
Minnesota,5,D+22,Keith Ellison, D,"662,991",64.99%,9.35%,15.33%,5.63%,1.20%,0.04%,0.25%,3.20%
Minnesota,6,R+8,Michele Bachmann, R,"662,990",91.33%,2.31%,2.08%,2.30%,0.38%,0.03%,0.06%,1.52%
Minnesota,7,R+5,Collin C. Peterson, D,"662,991",90.69%,3.81%,0.73%,0.76%,2.59%,0.04%,0.04%,1.33%
Minnesota,8,D+3,Richard Nolan*, D,"662,991",92.88%,1.29%,0.87%,0.57%,2.62%,0.02%,0.04%,1.70%
Mississippi,1,R+14,Alan Nunnelee, R,"741,837",68.86%,3.05%,26.23%,0.63%,0.19%,0.03%,0.06%,0.94%
Mississippi,2,D+10,Bennie Thompson, D,"741,862",32.27%,1.84%,64.38%,0.49%,0.33%,0.01%,0.04%,0.63%
Mississippi,3,R+15,Gregg Harper, R,"741,822",60.63%,2.31%,34.31%,0.88%,1.00%,0.03%,0.06%,0.77%
Mississippi,4,R+20,Steven Palazzo, R,"741,776",70.40%,3.77%,22.49%,1.43%,0.35%,0.06%,0.08%,1.42%
Missouri,1,D+27,Lacy Clay, D,"748,616",42.68%,3.04%,49.26%,2.57%,0.20%,0.02%,0.15%,2.06%
Missouri,2,R+7,Ann Wagner*, R,"748,616",88.73%,2.37%,3.33%,3.90%,0.15%,0.03%,0.09%,1.40%
Missouri,3,R+9,Blaine Luetkemeyer, R,"748,615",92.06%,2.12%,3.18%,0.85%,0.29%,0.04%,0.08%,1.38%
Missouri,4,R+11,Vicky Hartzler, R,"748,616",88.26%,3.24%,4.51%,1.35%,0.48%,0.09%,0.09%,1.98%
Missouri,5,D+9,Emanuel Cleaver, D,"748,616",65.18%,8.34%,21.74%,1.57%,0.41%,0.26%,0.12%,2.38%
Missouri,6,R+9,Sam Graves, R,"748,616",89.74%,3.34%,3.75%,1.08%,0.34%,0.11%,0.08%,1.56%
Missouri,7,R+17,Billy Long, R,"748,616",89.77%,4.32%,1.57%,1.08%,0.93%,0.19%,0.06%,2.08%
Missouri,8,R+13,Jo Ann Emerson, R,"748,616",91.54%,1.61%,4.46%,0.57%,0.41%,0.03%,0.04%,1.35%
Montana,AL,R+7,Steve Daines*, R,"989,415",87.79%,2.89%,0.38%,0.62%,6.05%,0.06%,0.05%,2.15%
Nebraska,1,R+11,Jeff Fortenberry, R,"608,780",84.99%,7.46%,2.45%,2.04%,1.14%,0.06%,0.11%,1.74%
Nebraska,2,R+6,Lee Terry, R,"608,781",74.53%,10.17%,10.06%,2.52%,0.45%,0.06%,0.17%,2.03%
Nebraska,3,R+23,Adrian Smith, R,"608,780",86.83%,9.86%,0.78%,0.68%,0.84%,0.04%,0.07%,0.89%
Nevada,1,D+11,Dina Titus*, D,"675,138",36.37%,42.77%,9.46%,7.61%,0.46%,0.60%,0.20%,2.53%
Nevada,2,R+5,Mark Amodei, R,"675,138",69.38%,20.43%,1.73%,3.72%,1.87%,0.41%,0.14%,2.32%
Nevada,3,EVEN,Joe Heck, R,"675,138",61.14%,15.66%,6.08%,12.07%,0.41%,0.70%,0.21%,3.73%
Nevada,4,D+2,Steven Horsford*, D,"675,137",49.67%,27.26%,13.55%,4.89%,0.75%,0.57%,0.16%,3.15%
New Hampshire,1,EVEN,Carol Shea-Porter*, D,"658,233",92.31%,2.78%,1.16%,2.00%,0.18%,0.03%,0.12%,1.42%
New Hampshire,2,D+3,Ann Kuster*, D,"658,237",92.28%,2.80%,0.91%,2.29%,0.23%,0.02%,0.15%,1.32%
New Jersey,1,D+12,Robert Andrews, D,"732,658",65.69%,11.57%,16.27%,4.49%,0.15%,0.02%,0.14%,1.67%
New Jersey,2,EVEN,Frank LoBiondo, R,"732,658",67.66%,14.39%,12.29%,3.55%,0.29%,0.02%,0.13%,1.68%
New Jersey,3,R+2,Jon Runyan, R,"732,658",77.81%,6.55%,10.22%,3.29%,0.12%,0.03%,0.24%,1.74%
New Jersey,4,R+7,Chris Smith, R,"732,657",78.99%,9.51%,6.33%,3.73%,0.09%,0.03%,0.13%,1.19%
New Jersey,5,R+4,Scott Garrett, R,"732,658",74.03%,11.02%,4.23%,9.05%,0.13%,0.02%,0.18%,1.34%
New Jersey,6,D+6,Frank Pallone, D,"732,657",51.99%,19.64%,9.37%,16.78%,0.14%,0.02%,0.38%,1.67%
New Jersey,7,R+6,Leonard Lance, R,"732,658",75.68%,10.63%,3.92%,8.13%,0.06%,0.02%,0.19%,1.37%
New Jersey,8,D+19,Albio Sires, D,"732,658",27.82%,52.97%,8.87%,7.90%,0.13%,0.02%,0.89%,1.39%
New Jersey,9,D+11,Bill Pascrell, D,"732,658",42.47%,33.93%,9.85%,11.93%,0.11%,0.01%,0.35%,1.34%
New Jersey,10,D+31,Donald Payne Jr.*, D,"732,658",21.42%,17.67%,51.69%,6.41%,0.23%,0.03%,0.67%,1.87%
New Jersey,11,R+5,Rodney Frelinghuysen, R,"732,658",77.50%,8.74%,3.41%,8.68%,0.07%,0.01%,0.19%,1.40%
New Jersey,12,D+12,Rush Holt, D,"732,658",50.71%,15.64%,17.14%,14.32%,0.14%,0.03%,0.28%,1.74%
New Mexico,1,D+5,Michelle Lujan Grisham*, D,"686,393",41.99%,48.03%,2.33%,2.09%,3.61%,0.07%,0.22%,1.67%
New Mexico,2,R+6,Steve Pearce, R,"686,393",40.15%,51.82%,1.56%,0.71%,4.46%,0.06%,0.14%,1.10%
New Mexico,3,D+7,Ben R. Lujan, D,"686,393",39.33%,39.05%,1.27%,1.04%,17.48%,0.05%,0.18%,1.58%
New York,1,EVEN,Timothy Bishop, D,"717,707",77.92%,12.54%,4.48%,3.32%,0.24%,0.02%,0.18%,1.30%
New York,2,EVEN,Peter King, R,"717,708",66.06%,20.47%,8.93%,2.91%,0.15%,0.01%,0.23%,1.25%
New York,3,D+3,Steve Israel, D,"717,707",72.49%,9.73%,2.89%,13.01%,0.09%,0.02%,0.27%,1.50%
New York,4,D+3,Carolyn McCarthy, D,"717,708",61.06%,17.95%,13.77%,5.46%,0.11%,0.02%,0.36%,1.27%
New York,5,D+33,Gregory Meeks, D,"717,708",12.15%,18.92%,49.78%,11.32%,0.59%,0.08%,3.22%,3.94%
New York,6,D+12,Grace Meng*, D,"717,707",38.55%,18.15%,3.54%,37.25%,0.12%,0.03%,0.44%,1.91%
New York,7,D+31,Nydia Velazquez, D,"717,708",27.80%,43.12%,8.35%,18.27%,0.20%,0.03%,0.68%,1.56%
New York,8,D+33,Hakeem Jeffries*, D,"717,708",22.39%,18.02%,52.55%,4.52%,0.25%,0.03%,0.51%,1.73%
New York,9,D+31,Yvette Clarke, D,"717,708",29.70%,11.27%,50.87%,5.77%,0.20%,0.02%,0.40%,1.77%
New York,10,D+24,Jerrold Nadler, D,"717,707",65.31%,12.16%,3.69%,16.51%,0.09%,0.03%,0.32%,1.88%
New York,11,R+4,Mike Grimm, R,"717,708",64.22%,15.68%,6.88%,11.41%,0.13%,0.03%,0.23%,1.43%
New York,12,D+28,Carolyn Maloney, D,"717,707",67.02%,13.33%,4.62%,12.40%,0.11%,0.04%,0.45%,2.03%
New York,13,D+41,Charles Rangel, D,"717,707",12.23%,55.12%,26.66%,3.92%,0.21%,0.03%,0.42%,1.41%
New York,14,D+23,Joe Crowley, D,"717,708",24.93%,47.52%,9.45%,15.76%,0.18%,0.03%,0.66%,1.48%
New York,15,D+41,Jose E. Serrano, D,"717,708",2.32%,65.28%,28.98%,1.71%,0.24%,0.03%,0.53%,0.91%
New York,16,D+19,Eliot Engel, D,"717,707",39.32%,23.28%,30.39%,4.54%,0.21%,0.03%,0.57%,1.67%
New York,17,D+5,Nita Lowey, D,"717,708",63.15%,19.49%,9.69%,5.84%,0.11%,0.02%,0.27%,1.43%
New York,18,R+2,Sean Patrick Maloney*, D,"717,707",71.79%,14.82%,8.36%,2.84%,0.19%,0.02%,0.22%,1.76%
New York,19,EVEN,Christopher Gibson, R,"717,708",86.33%,6.31%,4.06%,1.35%,0.20%,0.02%,0.16%,1.57%
New York,20,D+7,Paul Tonko, D,"717,708",79.59%,5.25%,8.59%,3.63%,0.19%,0.03%,0.51%,2.21%
New York,21,R+2,Bill Owens, D,"717,707",91.59%,2.67%,2.64%,0.77%,0.87%,0.05%,0.10%,1.31%
New York,22,R+3,Richard Hanna, R,"717,708",89.23%,3.13%,3.57%,2.13%,0.26%,0.02%,0.09%,1.58%
New York,23,R+3,Thomas Reed, R,"717,707",89.99%,3.17%,2.61%,1.89%,0.56%,0.02%,0.09%,1.66%
New York,24,D+4,Daniel Maffei*, D,"717,707",83.71%,3.66%,7.69%,2.20%,0.58%,0.03%,0.11%,2.03%
New York,25,D+5,Louise Slaughter, D,"717,707",72.04%,7.44%,14.91%,3.31%,0.21%,0.02%,0.15%,1.90%
New York,26,D+13,Brian Higgins, D,"717,707",71.48%,5.42%,17.65%,2.99%,0.50%,0.02%,0.13%,1.82%
New York,27,R+7,Chris Collins*, R,"717,707",92.70%,2.19%,2.28%,0.89%,0.71%,0.01%,0.08%,1.12%
North Carolina,1,D+17,G.K. Butterfield, D,"733,499",35.17%,7.99%,53.24%,1.34%,0.73%,0.03%,0.15%,1.36%
North Carolina,2,R+11,Renee Ellmers, R,"733,499",66.75%,10.64%,16.12%,3.04%,0.97%,0.11%,0.18%,2.20%
North Carolina,3,R+10,Walter Jones, R,"733,499",71.39%,6.36%,18.36%,1.20%,0.42%,0.10%,0.14%,2.02%
North Carolina,4,D+17,David Price, D,"733,498",48.58%,11.65%,31.70%,5.05%,0.40%,0.11%,0.22%,2.29%
North Carolina,5,R+12,Virginia Foxx, R,"733,499",76.42%,8.22%,12.23%,1.43%,0.24%,0.03%,0.14%,1.30%
North Carolina,6,R+11,Howard Coble, R,"733,499",75.97%,5.67%,14.54%,1.88%,0.34%,0.03%,0.15%,1.43%
North Carolina,7,R+11,Mike McIntyre, D,"733,498",69.37%,9.32%,17.25%,0.61%,1.93%,0.04%,0.13%,1.35%
North Carolina,8,R+12,Richard Hudson*, R,"733,499",63.25%,8.36%,18.48%,1.11%,7.22%,0.03%,0.13%,1.43%
North Carolina,9,R+10,Robert Pittenger*, R,"733,498",74.30%,7.59%,12.18%,3.78%,0.27%,0.04%,0.23%,1.61%
North Carolina,10,R+11,Patrick McHenry, R,"733,499",79.69%,5.63%,11.43%,1.34%,0.28%,0.04%,0.12%,1.48%
North Carolina,11,R+12,Mark Meadows*, R,"733,499",87.66%,5.42%,3.05%,1.02%,1.37%,0.07%,0.08%,1.33%
North Carolina,12,D+23,Mel Watt, D,"733,499",29.06%,14.27%,50.05%,4.02%,0.38%,0.06%,0.25%,1.91%
North Carolina,13,R+9,George Holding*, R,"733,498",70.93%,7.96%,16.74%,2.35%,0.29%,0.03%,0.16%,1.53%
North Dakota,AL,R+10,Kevin Cramer*, R,"672,591",88.91%,2.00%,1.15%,1.02%,5.29%,0.04%,0.05%,1.54%
Ohio,1,R+6,Steve Chabot, R,"721,032",70.75%,2.59%,21.98%,2.53%,0.15%,0.06%,0.19%,1.74%
Ohio,2,R+9,Brad Wenstrup*, R,"721,031",86.90%,1.63%,8.27%,1.20%,0.21%,0.03%,0.13%,1.63%
Ohio,3,D+14,Joyce Beatty*, D,"721,031",55.56%,6.02%,31.87%,2.98%,0.23%,0.08%,0.26%,3.01%
Ohio,4,R+9,Jim Jordan, R,"721,032",88.99%,3.17%,5.04%,0.73%,0.18%,0.02%,0.11%,1.75%
Ohio,5,R+8,Bob Latta, R,"721,031",90.60%,4.37%,2.37%,1.19%,0.17%,0.02%,0.08%,1.19%
Ohio,6,R+5,Bill Johnson, R,"721,032",95.09%,0.86%,2.15%,0.37%,0.19%,0.01%,0.06%,1.26%
Ohio,7,R+5,Bob Gibbs, R,"721,031",91.97%,1.79%,3.92%,0.55%,0.19%,0.03%,0.10%,1.46%
Ohio,8,R+14,John Boehner, R,"721,032",87.80%,2.89%,5.68%,1.55%,0.17%,0.05%,0.13%,1.73%
Ohio,9,D+15,Marcy Kaptur, D,"721,032",71.04%,9.39%,15.57%,1.23%,0.24%,0.02%,0.14%,2.38%
Ohio,10,R+2,Mike Turner, R,"721,032",76.14%,2.23%,17.08%,1.94%,0.21%,0.03%,0.17%,2.19%
Ohio,11,D+30,Marcia Fudge, D,"721,032",38.04%,3.87%,53.62%,2.15%,0.18%,0.01%,0.17%,1.95%
Ohio,12,R+8,Pat Tiberi, R,"721,031",88.27%,1.86%,4.55%,3.12%,0.17%,0.02%,0.15%,1.86%
Ohio,13,D+12,Tim Ryan, D,"721,031",82.70%,2.60%,11.36%,1.09%,0.18%,0.02%,0.13%,1.92%
Ohio,14,R+3,David Joyce*, R,"721,032",90.63%,2.25%,3.74%,1.91%,0.10%,0.01%,0.08%,1.27%
Ohio,15,R+6,Steve Stivers, R,"721,031",90.51%,1.83%,3.67%,2.00%,0.20%,0.02%,0.13%,1.65%
Ohio,16,R+5,Jim Renacci, R,"721,031",93.06%,1.84%,1.77%,1.93%,0.12%,0.02%,0.09%,1.17%
Oklahoma,1,R+16,Jim Bridenstine*, R,"750,270",67.06%,9.83%,9.05%,2.10%,6.55%,0.06%,0.10%,5.27%
Oklahoma,2,R+14,Markwayne Mullin*, R,"750,270",66.15%,4.29%,3.43%,0.51%,18.18%,0.07%,0.04%,7.33%
Oklahoma,3,R+24,Frank Lucas, R,"750,270",76.59%,8.40%,3.57%,1.21%,6.17%,0.19%,0.07%,3.82%
Oklahoma,4,R+18,Tom Cole, R,"750,270",73.29%,7.25%,6.52%,2.03%,5.83%,0.13%,0.08%,4.86%
Oklahoma,5,R+13,James Lankford, R,"750,271",60.18%,14.48%,13.70%,2.70%,4.43%,0.08%,0.12%,4.32%
Oregon,1,D+6,Suzanne Bonamici, D,"766,216",74.09%,13.70%,1.41%,6.59%,0.65%,0.35%,0.16%,3.04%
Oregon,2,R+10,Greg Walden, R,"766,215",81.79%,12.35%,0.50%,0.93%,1.90%,0.19%,0.10%,2.23%
Oregon,3,D+21,Earl Blumenauer, D,"766,215",72.95%,10.73%,5.15%,6.22%,0.76%,0.51%,0.20%,3.49%
Oregon,4,D+2,Peter DeFazio, D,"766,214",86.02%,6.71%,0.64%,2.02%,1.20%,0.17%,0.14%,3.10%
Oregon,5,EVEN,Kurt Schrader, D,"766,214",77.44%,15.25%,0.79%,2.44%,1.06%,0.43%,0.12%,2.48%
Pennsylvania,1,D+25,Robert Brady, D,"705,688",41.76%,15.38%,34.22%,6.31%,0.19%,0.03%,0.21%,1.90%
Pennsylvania,2,D+39,Chaka Fattah, D,"705,688",28.58%,5.41%,58.93%,4.65%,0.26%,0.03%,0.18%,1.97%
Pennsylvania,3,R+5,Mike Kelly, R,"705,688",91.23%,1.88%,4.53%,0.77%,0.12%,0.02%,0.08%,1.37%
Pennsylvania,4,R+9,Scott Perry*, R,"705,687",82.90%,6.00%,7.34%,1.88%,0.15%,0.02%,0.13%,1.57%
Pennsylvania,5,R+6,Glenn Thompson, R,"705,688",93.76%,1.55%,2.04%,1.51%,0.12%,0.02%,0.06%,0.93%
Pennsylvania,6,R+1,Jim Gerlach, R,"705,688",85.89%,4.77%,4.05%,3.75%,0.10%,0.02%,0.11%,1.31%
Pennsylvania,7,EVEN,Patrick Meehan, R,"705,688",87.03%,2.81%,4.77%,4.00%,0.09%,0.02%,0.11%,1.18%
Pennsylvania,8,D+1,Mike Fitzpatrick, R,"705,688",86.74%,4.21%,3.33%,4.15%,0.12%,0.02%,0.13%,1.30%
Pennsylvania,9,R+10,Bill Shuster, R,"705,688",93.64%,1.69%,2.81%,0.51%,0.12%,0.01%,0.06%,1.15%
Pennsylvania,10,R+12,Thomas Marino, R,"705,687",91.42%,3.38%,3.08%,0.75%,0.16%,0.02%,0.09%,1.11%
Pennsylvania,11,R+6,Lou Barletta, R,"705,688",88.17%,4.53%,4.52%,1.28%,0.11%,0.02%,0.08%,1.29%
Pennsylvania,12,R+6,Keith Rothfus*, R,"705,688",93.09%,1.12%,3.06%,1.46%,0.09%,0.02%,0.08%,1.10%
Pennsylvania,13,D+12,Allyson Schwartz, D,"705,687",62.22%,10.23%,17.12%,8.16%,0.16%,0.03%,0.34%,1.75%
Pennsylvania,14,D+16,Mike Doyle, D,"705,688",71.57%,1.84%,21.47%,2.49%,0.15%,0.02%,0.22%,2.22%
Pennsylvania,15,R+2,Charles Dent, R,"705,687",79.26%,13.01%,3.68%,2.48%,0.11%,0.02%,0.14%,1.31%
Pennsylvania,16,R+6,Joseph Pitts, R,"705,688",74.70%,16.16%,5.68%,1.75%,0.14%,0.02%,0.10%,1.44%
Pennsylvania,17,D+4,Matthew Cartwright*, D,"705,687",84.84%,6.93%,5.10%,1.52%,0.13%,0.03%,0.14%,1.31%
Pennsylvania,18,R+6,Tim Murphy, R,"705,688",93.66%,1.08%,2.34%,1.64%,0.08%,0.02%,0.08%,1.09%
Rhode Island,1,D+14,David Cicilline, D,"526,283",71.66%,14.46%,6.41%,2.92%,0.34%,0.03%,1.43%,2.75%
Rhode Island,2,D+8,Jim Langevin, D,"526,284",81.05%,10.37%,3.39%,2.78%,0.42%,0.03%,0.26%,1.71%
South Carolina,1,R+11,Tim Scott, R,"660,766",70.12%,6.51%,19.39%,1.70%,0.32%,0.07%,0.19%,1.71%
South Carolina,2,R+14,Joe Wilson, R,"660,766",68.23%,5.20%,22.79%,1.61%,0.35%,0.06%,0.14%,1.62%
South Carolina,3,R+16,Jeff Duncan, R,"660,767",74.93%,4.20%,18.59%,0.77%,0.21%,0.02%,0.10%,1.19%
South Carolina,4,R+15,Trey Gowdy, R,"660,766",69.93%,7.40%,18.85%,2.08%,0.20%,0.04%,0.14%,1.36%
South Carolina,5,R+9,Mick Mulvaney, R,"660,766",66.11%,3.78%,27.20%,0.96%,0.46%,0.03%,0.11%,1.35%
South Carolina,6,D+17,Jim Clyburn, D,"660,766",35.46%,4.58%,57.38%,0.90%,0.35%,0.04%,0.09%,1.19%
South Carolina,7,R+7,Tom Rice*, R,"660,767",63.61%,4.00%,29.52%,0.81%,0.63%,0.04%,0.10%,1.29%
South Dakota,AL,R+9,Kristi Noem, R,"814,180",84.69%,2.72%,1.22%,0.93%,8.53%,0.04%,0.06%,1.82%
Tennessee,1,R+21,Phil Roe, R,"705,123",92.49%,3.23%,2.13%,0.63%,0.24%,0.03%,0.07%,1.18%
Tennessee,2,R+16,John Duncan, R,"705,123",87.31%,3.39%,6.08%,1.35%,0.25%,0.05%,0.11%,1.46%
Tennessee,3,R+12,Chuck Fleischmann, R,"705,122",83.21%,3.16%,10.77%,1.10%,0.27%,0.03%,0.08%,1.38%
Tennessee,4,R+13,Scott DesJarlais, R,"705,123",83.12%,5.41%,7.98%,1.49%,0.30%,0.04%,0.10%,1.57%
Tennessee,5,D+5,Jim Cooper, D,"705,123",61.24%,8.99%,24.76%,2.72%,0.24%,0.05%,0.18%,1.83%
Tennessee,6,R+15,Diane Black, R,"705,123",90.09%,3.61%,3.99%,0.72%,0.28%,0.04%,0.07%,1.20%
Tennessee,7,R+13,Marsha Blackburn, R,"705,123",82.44%,4.13%,9.67%,1.44%,0.31%,0.11%,0.09%,1.81%
Tennessee,8,R+15,Stephen Fincher, R,"705,122",74.99%,2.66%,19.15%,1.66%,0.22%,0.03%,0.09%,1.21%
Tennessee,9,D+22,Steve Cohen, D,"705,123",25.94%,6.57%,64.30%,1.70%,0.20%,0.03%,0.12%,1.13%
Texas,1,R+21,Louie Gohmert, R,"698,488",64.37%,15.48%,17.58%,0.89%,0.36%,0.02%,0.09%,1.19%
Texas,2,R+16,Ted Poe, R,"698,488",50.83%,30.81%,9.36%,7.03%,0.24%,0.09%,0.20%,1.44%
Texas,3,R+18,Sam Johnson, R,"698,488",62.44%,14.46%,8.29%,12.04%,0.40%,0.05%,0.18%,2.14%
Texas,4,R+21,Ralph Hall, R,"698,488",73.84%,12.18%,10.62%,0.86%,0.76%,0.05%,0.08%,1.60%
Texas,5,R+15,Jeb Hensarling, R,"698,488",57.22%,25.21%,13.91%,1.80%,0.42%,0.04%,0.10%,1.31%
Texas,6,R+13,Joe Barton, R,"698,498",54.33%,20.77%,17.82%,4.67%,0.38%,0.13%,0.14%,1.76%
Texas,7,R+14,John Culberson, R,"698,488",47.33%,30.08%,11.14%,9.31%,0.19%,0.04%,0.25%,1.64%
Texas,8,R+26,Kevin Brady, R,"698,488",68.37%,19.65%,8.13%,2.01%,0.37%,0.05%,0.13%,1.30%
Texas,9,D+21,Al Green, D,"698,488",11.51%,37.32%,38.48%,11.07%,0.15%,0.03%,0.21%,1.24%
Texas,10,R+11,Michael McCaul, R,"698,487",57.46%,26.32%,9.98%,4.28%,0.28%,0.04%,0.16%,1.48%
Texas,11,R+29,Mike Conaway, R,"698,488",60.97%,33.32%,3.47%,0.70%,0.43%,0.05%,0.09%,0.96%
Texas,12,R+17,Kay Granger, R,"698,488",66.44%,20.62%,7.67%,3.03%,0.49%,0.07%,0.11%,1.58%
Texas,13,R+29,Mac Thornberry, R,"698,488",66.98%,24.14%,5.18%,1.63%,0.62%,0.04%,0.09%,1.32%
Texas,14,R+8,Randy Weber*, R,"698,472",53.29%,22.11%,20.13%,2.73%,0.34%,0.03%,0.12%,1.25%
Texas,15,D+1,Ruben Hinojosa, D,"698,488",16.32%,80.60%,1.47%,1.03%,0.12%,0.02%,0.06%,0.36%
Texas,16,D+9,Beto O'Rourke*, D,"698,488",14.69%,80.13%,2.91%,1.07%,0.24%,0.11%,0.08%,0.76%
Texas,17,R+12,Bill Flores, R,"698,487",57.66%,23.27%,13.25%,3.96%,0.28%,0.04%,0.12%,1.42%
Texas,18,D+22,Sheila Jackson Lee, D,"698,488",16.72%,38.72%,39.84%,3.28%,0.17%,0.08%,0.22%,0.98%
Texas,19,R+26,Randy Neugebauer, R,"698,487",57.40%,33.92%,5.85%,1.23%,0.37%,0.05%,0.10%,1.08%
Texas,20,D+3,Joaquin Castro*, D,"698,488",23.01%,68.57%,4.38%,2.39%,0.20%,0.10%,0.20%,1.14%
Texas,21,R+11,Lamar Smith, R,"698,488",64.84%,26.99%,3.20%,2.96%,0.30%,0.07%,0.15%,1.48%
Texas,22,R+15,Pete Olson, R,"698,504",44.98%,24.57%,12.35%,15.86%,0.23%,0.04%,0.21%,1.75%
Texas,23,R+5,Pete Gallego*, D,"698,488",25.55%,69.30%,2.81%,1.13%,0.35%,0.04%,0.10%,0.72%
Texas,24,R+14,Kenny Marchant, R,"698,488",53.43%,23.41%,9.84%,10.61%,0.37%,0.27%,0.20%,1.87%
Texas,25,R+11,Roger Williams*, R,"698,478",70.31%,17.35%,7.04%,2.65%,0.40%,0.26%,0.14%,1.85%
Texas,26,R+20,Michael Burgess, R,"698,488",68.38%,17.28%,6.74%,4.97%,0.49%,0.08%,0.15%,1.91%
Texas,27,R+13,Blake Farenthold, R,"698,487",42.76%,49.50%,5.08%,1.36%,0.26%,0.05%,0.11%,0.88%
Texas,28,D+2,Henry Cuellar, D,"698,488",17.76%,76.29%,4.09%,0.93%,0.14%,0.06%,0.07%,0.66%
Texas,29,D+8,Gene Green, D,"698,488",11.77%,76.34%,9.62%,1.52%,0.14%,0.03%,0.11%,0.48%
Texas,30,D+23,Eddie Bernice Johnson, D,"698,487",17.28%,34.68%,44.82%,1.76%,0.27%,0.03%,0.12%,1.04%
Texas,31,R+13,John Carter, R,"698,487",59.51%,22.52%,10.89%,3.91%,0.38%,0.30%,0.15%,2.33%
Texas,32,R+10,Pete Sessions, R,"698,488",53.27%,25.56%,11.99%,7.12%,0.34%,0.03%,0.15%,1.54%
Texas,33,D+14,Marc Veasey*, D,"698,488",14.51%,66.30%,15.99%,1.97%,0.27%,0.04%,0.12%,0.80%
Texas,34,D+3,Filemon Vela*, D,"698,487",15.15%,82.69%,1.14%,0.59%,0.11%,0.02%,0.06%,0.24%
Texas,35,D+9,Lloyd Doggett, D,"698,488",25.16%,62.82%,9.11%,1.34%,0.25%,0.06%,0.16%,1.10%
Texas,36,R+20,Steve Stockman*, R,"698,488",65.85%,21.18%,9.13%,2.08%,0.45%,0.04%,0.11%,1.17%
Utah,1,R+25,Rob Bishop, R,"690,971",82.88%,11.77%,0.95%,1.39%,0.89%,0.30%,0.11%,1.72%
Utah,2,R+16,Chris Stewart*, R,"690,971",78.06%,14.71%,1.11%,2.16%,0.89%,1.25%,0.13%,1.69%
Utah,3,R+25,Jason Chaffetz, R,"690,972",84.10%,9.63%,0.51%,1.72%,1.52%,0.59%,0.12%,1.81%
Utah,4,R+14,Jim Matheson, D,"690,971",76.51%,15.75%,1.19%,2.57%,0.63%,1.32%,0.18%,1.87%
Vermont,AL,D+13,Peter Welch, D,"625,741",94.32%,1.47%,0.95%,1.26%,0.32%,0.02%,0.09%,1.56%
Virginia,1,R+8,Rob Wittman, R,"727,366",68.45%,8.42%,16.55%,3.26%,0.35%,0.09%,0.20%,2.68%
Virginia,2,R+5,Scott Rigell, R,"727,366",63.06%,6.88%,21.34%,4.83%,0.34%,0.14%,0.29%,3.12%
Virginia,3,D+23,Bobby Scott, D,"727,366",32.24%,5.09%,57.76%,1.82%,0.41%,0.09%,0.17%,2.41%
Virginia,4,R+6,Randy Forbes, R,"727,366",59.53%,4.72%,31.23%,1.99%,0.31%,0.06%,0.13%,2.02%
Virginia,5,R+6,Robert Hurt, R,"727,365",73.06%,3.16%,20.39%,1.51%,0.21%,0.03%,0.13%,1.51%
Virginia,6,R+12,Bob Goodlatte, R,"727,366",81.60%,4.26%,10.74%,1.41%,0.23%,0.03%,0.13%,1.60%
Virginia,7,R+11,Eric Cantor, R,"727,366",74.11%,5.06%,14.32%,4.07%,0.26%,0.04%,0.21%,1.93%
Virginia,8,D+15,Jim Moran, D,"727,366",53.59%,18.64%,13.56%,10.92%,0.20%,0.08%,0.32%,2.69%
Virginia,9,R+11,Morgan Griffith, R,"727,366",90.64%,1.91%,5.00%,1.12%,0.16%,0.01%,0.07%,1.08%
Virginia,10,R+4,Frank Wolf, R,"727,365",66.60%,11.74%,6.54%,11.91%,0.17%,0.05%,0.25%,2.75%
Virginia,11,D+7,Gerry Connolly, D,"727,366",49.99%,16.97%,12.10%,17.13%,0.19%,0.08%,0.32%,3.21%
Washington,1,D+3,Suzan DelBene*, D,"672,444",77.58%,8.37%,1.13%,8.23%,1.09%,0.20%,0.25%,3.15%
Washington,2,D+8,Rick Larsen, D,"672,454",74.87%,9.47%,2.41%,7.57%,1.41%,0.44%,0.17%,3.66%
Washington,3,R+2,Jaime Herrera Beutler, R,"672,448",83.23%,7.78%,1.38%,3.00%,0.97%,0.45%,0.12%,3.08%
Washington,4,R+14,Doc Hastings, R,"672,456",57.20%,36.10%,0.91%,1.43%,2.40%,0.09%,0.13%,1.75%
Washington,5,R+6,Cathy McMorris Rodgers, R,"672,455",85.71%,5.52%,1.45%,2.16%,1.73%,0.33%,0.12%,2.99%
Washington,6,D+5,Derek Kilmer*, D,"672,448",78.60%,6.62%,3.62%,3.78%,2.07%,0.64%,0.16%,4.50%
Washington,7,D+28,Jim McDermott, D,"672,457",72.59%,7.30%,4.37%,10.24%,0.67%,0.45%,0.24%,4.14%
Washington,8,R+2,Dave Reichert, R,"672,463",75.89%,9.68%,2.34%,6.93%,0.98%,0.53%,0.16%,3.49%
Washington,9,D+15,Adam Smith, D,"672,460",49.68%,11.78%,10.88%,21.07%,0.60%,1.24%,0.23%,4.51%
Washington,10,D+4,Denny Heck*, D,"672,455",69.88%,9.78%,5.66%,6.32%,1.27%,1.40%,0.18%,5.51%
West Virginia,1,R+9,David McKinley, R,"615,991",94.51%,1.06%,2.09%,0.82%,0.17%,0.02%,0.06%,1.26%
West Virginia,2,R+8,Shelley Moore Capito, R,"620,862",91.37%,1.73%,4.29%,0.73%,0.21%,0.03%,0.08%,1.56%
West Virginia,3,R+6,Nick Rahall, D,"616,141",93.61%,0.81%,3.67%,0.44%,0.19%,0.01%,0.05%,1.22%
Wisconsin,1,R+3,Paul Ryan, R,"710,874",82.46%,8.90%,5.24%,1.54%,0.29%,0.03%,0.09%,1.46%
Wisconsin,2,D+16,Mark Pocan*, D,"710,874",84.09%,5.83%,4.42%,3.41%,0.33%,0.03%,0.11%,1.78%
Wisconsin,3,D+6,Ron Kind, D,"710,873",93.21%,2.11%,0.96%,1.98%,0.61%,0.03%,0.05%,1.05%
Wisconsin,4,D+21,Gwen Moore, D,"710,873",44.31%,15.54%,33.89%,3.37%,0.55%,0.03%,0.14%,2.16%
Wisconsin,5,R+12,Jim Sensenbrenner, R,"710,873",89.53%,5.01%,1.63%,2.25%,0.31%,0.03%,0.06%,1.17%
Wisconsin,6,R+5,Tom Petri, R,"710,873",91.10%,3.81%,1.52%,2.06%,0.43%,0.03%,0.05%,1.01%
Wisconsin,7,EVEN,Sean Duffy, R,"710,873",92.93%,1.76%,0.58%,1.46%,1.97%,0.03%,0.03%,1.24%
Wisconsin,8,R+2,Reid Ribble, R,"710,873",88.93%,4.32%,1.11%,1.94%,2.33%,0.03%,0.05%,1.29%
Wyoming,AL,R+20,Cynthia Lummis, R,"563,626",85.85%,8.91%,0.77%,0.76%,2.09%,0.06%,0.08%,1.47%